<?xml version="1.0" encoding="UTF-8"?>
<ListBucketResult xmlns="http://s3.amazonaws.com/doc/2006-03-01/">
    <Name>geneva-mediacenter</Name>
    <Prefix></Prefix>
    <Marker></Marker>
    <MaxKeys>1000</MaxKeys>
    <IsTruncated>false</IsTruncated>
    <Contents>
        <Key>gen.png</Key>
        <LastModified>2023-09-13T16:40:36.000Z</LastModified>
        <ETag>&quot;979bc7ea3ad3394a03cc7afe34a90de6&quot;</ETag>
        <Size>8344</Size>
        <Owner>
            <ID>a6ca3bd2b7b0ddea4f24eccd1a3795a1e00b6fe701189a6ba2b57cb73394c650</ID>
        </Owner>
        <StorageClass>STANDARD</StorageClass>
    </Contents>
    <Contents>
        <Key>geneva.png</Key>
        <LastModified>2023-09-13T16:22:07.000Z</LastModified>
        <ETag>&quot;979bc7ea3ad3394a03cc7afe34a90de6&quot;</ETag>
        <Size>8344</Size>
        <Owner>
            <ID>a6ca3bd2b7b0ddea4f24eccd1a3795a1e00b6fe701189a6ba2b57cb73394c650</ID>
        </Owner>
        <StorageClass>STANDARD</StorageClass>
    </Contents>
    <Contents>
        <Key>main343/</Key>
        <LastModified>2023-09-27T12:32:16.000Z</LastModified>
        <ETag>&quot;d41d8cd98f00b204e9800998ecf8427e&quot;</ETag>
        <Size>0</Size>
        <Owner>
            <ID>a6ca3bd2b7b0ddea4f24eccd1a3795a1e00b6fe701189a6ba2b57cb73394c650</ID>
        </Owner>
        <StorageClass>STANDARD</StorageClass>
    </Contents>
    <Contents>
        <Key>main343/ReaganJuly2022.jpg</Key>
        <LastModified>2023-09-27T12:33:51.000Z</LastModified>
        <ETag>&quot;f49039b16ef436847191d576357e7bc2&quot;</ETag>
        <Size>522174</Size>
        <Owner>
            <ID>a6ca3bd2b7b0ddea4f24eccd1a3795a1e00b6fe701189a6ba2b57cb73394c650</ID>
        </Owner>
        <StorageClass>STANDARD</StorageClass>
    </Contents>
</ListBucketResult>